Id,FirstName,LastName,Email,UserName,Password,ConfirmPassword
5,as,a,a@a.a,adfsfs,a45%Ac,a45%Ac
7,Gerry,Parris,gparris6@bloomberg.com,gparris6,"nF9_|,j6x|",tE9.wwOBlK'
8,Obediah,Chasier,ochasier7@time.com,ochasier7,kT3%1x/(R,aW9=nv&A>
10,Nathaniel,Schuck,nschuck9@gravatar.com,nschuck9,"oF7,""J8w",rN7`7vzsIV%&
11,Odille,Muglestone,omuglestonea@list-manage.com,omuglestonea,cN6*15s,sB6\#F
12,Jodie,Beney,jbeneyb@businesswire.com,jbeneyb,tO9+@D|f+~,"sP2/,l"
13,Dayna,Fairpo,dfairpoc@earthlink.net,dfairpoc,vP1(Y~hP,xI1}$M
14,Micky,Althrope,malthroped@hibu.com,malthroped,zT7`VT!2%%+d,oN4/E</bCw
15,Sherlocke,Barchrameev,sbarchrameeve@apple.com,sbarchrameeve,sO3+%NL,gA5&JvI3_!
16,Joanie,Pennino,jpenninof@bizjournals.com,jpenninof,"gU2${!""h",oX8!X>Iq
17,Andie,Lofty,aloftyg@facebook.com,aloftyg,rY0=vX*&R,eF5<Nx
18,Jerrine,Fewless,jfewlessh@skype.com,jfewlessh,"nN3?*X""`","iU8<ZAM"""
19,Skipton,Suttill,ssuttilli@independent.co.uk,ssuttilli,vD3?Nf_,wA9$zl6KzT
20,Belle,Screech,bscreechj@cbslocal.com,bscreechj,xQ9_C@W'=k,"wL4,~urHSBMW"
21,Idelle,Paris,iparisk@google.fr,iparisk,dV5$jAI#i7I,"eO2<zur,4"
22,Hunfredo,Jenking,hjenkingl@simplemachines.org,hjenkingl,zL1\1|#K)9a,sM3~pS51L
24,Karon,Landes,klandesn@dedecms.com,klandesn,vD3*.bD,eX2~F}zR
26,Barbette,Hebson,bhebsonp@myspace.com,bhebsonp,jQ6#8KW,"nC0,k#vO"
27,Hagan,Hartegan,hharteganq@jalbum.net,hharteganq,vW9=8odnJ,pV5~JluThLR
28,Farleigh,Tall,ftallr@apache.org,ftallr,nA2#~s6Tai,dY2)b3
29,Ingeborg,Greener,igreeners@wufoo.com,igreeners,eU9*B9i'wQ,nV7'6g
30,Saba,Maryet,smaryett@boston.com,smaryett,"hW2>G&P,203",aX9`YE/q85
31,Bambie,Lamminam,blamminamu@technorati.com,blamminamu,aT5#(\*,"jH6,J#o"
32,Kale,Sainter,ksainterv@spotify.com,ksainterv,"lQ4@M""\U4*",sU8*43Q
33,Ally,Kerwin,akerwinw@timesonline.co.uk,akerwinw,xV7#M#&a>,nA5@{7pO(Csx
34,Bank,Brisco,bbriscox@printfriendly.com,bbriscox,zH0&OxwQ.*Z,"sS2`lG,WVd"
35,Miller,Terzi,mterziy@sphinn.com,mterziy,"hQ1""*K{j*wc7",oF0+v!Ba
36,Abra,Stratiff,astratiffz@360.cn,astratiffz,eV1!Tz`LlXS,hE1%&&C
37,Jackelyn,Kynman,jkynman10@addthis.com,jkynman10,zL5.B}5o,"yI1~XRtG&vw,"
38,Ladonna,Creyke,lcreyke11@ft.com,lcreyke11,jS8'4j,jR7?4H&Vp
39,Eryn,Gallihaulk,egallihaulk12@amazonaws.com,egallihaulk12,sS4&A!uDEs/,lD6<J(rQ=
40,Boony,Pavlovic,bpavlovic13@telegraph.co.uk,bpavlovic13,"iJ6,l)ON","fF5,0!?"
41,Lew,Sieur,lsieur14@archive.org,lsieur14,vH8+/?sY25>,eE6{EC
42,Janot,Swayland,jswayland15@biblegateway.com,jswayland15,"gA5&i""`{*e",jP9/M}7b
43,Sosanna,Pesselt,spesselt16@forbes.com,spesselt16,vQ8@9&cA}K,"lM6""Fz}GlpL"
44,Rory,Organer,rorganer17@buzzfeed.com,rorganer17,fM6%=8i(',gE1*n0y46+?
45,Rosaleen,McComb,rmccomb18@prlog.org,rmccomb18,"kE0*d+_""",nI0}m`
46,Robinson,Percival,rpercival19@typepad.com,rpercival19,nR2|Q!iIJ~,"qX5""pFm5s"
47,Randal,Pulfer,rpulfer1a@themeforest.net,rpulfer1a,wN0%+Mj!0z(,pH0*99SnX
48,Fina,Nevett,fnevett1b@amazonaws.com,fnevett1b,dE9}lt\,"kI1,W#j5"
49,Dacie,Schafer,dschafer1c@thetimes.co.uk,dschafer1c,iI1(nN'S!,rJ9$0}|($0{
50,Alta,Ewence,aewence1d@cnet.com,aewence1d,jK1%w6!V{(<T,yZ6<kW2
51,Estevan,Dawidman,edawidman1e@fema.gov,edawidman1e,"mG8~e3S""z",rZ4_jVReZw
52,o,oo,o@o.o,o,oooooo,oooooo
53,tt,t,t@t.t,t,tttttt,tttttt
